,iteration,objective,outcome_rewards
0,0,0.025014058,-29.868252
1,1,0.024633389,-29.89781
2,2,0.024782201,-29.976067
3,3,0.025680494,-29.703114
4,4,0.022186153,-29.904873
5,5,0.02766671,-30.12641
6,6,0.02797735,-29.10262
7,7,0.024853686,-29.161137
8,8,0.022632377,-29.773838
9,9,0.023005936,-28.507906
10,10,0.022336591,-29.434666
11,11,0.025638757,-29.211544
12,12,0.026606709,-29.35657
13,13,0.022437662,-29.819773
14,14,0.027089488,-29.749397
15,15,0.023410678,-29.45325
16,16,0.023271661,-29.270607
17,17,0.023119215,-28.944538
18,18,0.023324452,-28.492899
19,19,0.0230118,-28.957207
20,20,0.025494235,-28.597237
21,21,0.017707642,-28.910503
22,22,0.019678684,-28.618061
23,23,0.020690288,-29.33615
24,24,0.022199016,-29.05806
25,25,0.023866592,-28.690395
26,26,0.01929406,-28.693209
27,27,0.025251977,-28.614002
28,28,0.024186464,-29.20465
29,29,0.02525201,-29.453129
30,30,0.023520892,-27.96564
31,31,0.022393305,-28.249382
32,32,0.023089092,-28.354496
33,33,0.023482291,-29.89006
34,34,0.021723012,-28.89793
35,35,0.026777096,-29.52679
36,36,0.023348488,-28.794115
37,37,0.019911367,-28.246271
38,38,0.025199294,-28.932789
39,39,0.021866558,-29.049957
40,40,0.020352121,-29.33775
41,41,0.018524723,-29.30164
42,42,0.02677966,-28.153315
43,43,0.021211952,-29.41907
44,44,0.023430167,-29.282562
45,45,0.02055458,-28.915367
46,46,0.028344922,-28.903124
47,47,0.02686554,-29.055304
48,48,0.022811629,-29.154968
49,49,0.026200768,-29.129028
50,50,0.01998512,-29.02607
51,51,0.025088731,-28.727982
52,52,0.022348005,-29.164482
53,53,0.013930032,-29.257557
54,54,0.021134563,-29.489943
55,55,0.023426257,-28.841093
56,56,0.022805855,-28.331741
57,57,0.019464564,-29.624609
58,58,0.024491958,-28.947989
59,59,0.02279478,-29.182917
60,60,0.017261341,-29.513721
61,61,0.014313832,-29.837978
62,62,0.013387749,-29.29501
63,63,0.02119473,-27.926315
64,64,0.02482503,-29.204836
65,65,0.025311904,-28.77731
66,66,0.017538447,-28.980997
67,67,0.019306347,-28.965715
68,68,0.022780243,-28.348934
69,69,0.019588336,-28.49483
70,70,0.022528537,-28.502647
71,71,0.015805427,-28.499996
72,72,0.022731483,-29.159218
73,73,0.01904602,-29.685944
74,74,0.027584122,-29.241455
75,75,0.012595644,-28.72239
76,76,0.018661559,-28.322716
77,77,0.0236005,-28.474026
78,78,0.022771113,-29.536108
79,79,0.01907226,-29.292793
80,80,0.017307645,-28.107592
81,81,0.020517219,-28.399998
82,82,0.009626465,-29.256893
83,83,0.024054758,-28.65895
84,84,0.017611217,-29.244888
85,85,0.021712512,-27.842346
86,86,0.024038514,-29.373493
87,87,0.0097662285,-28.51846
88,88,0.022238258,-28.794065
89,89,0.025444593,-28.621029
90,90,0.015215015,-27.945549
91,91,0.016058186,-29.656172
92,92,0.01896314,-28.705357
93,93,0.0104905795,-28.867718
94,94,0.022504095,-29.52626
95,95,0.015441182,-28.750141
96,96,0.02191954,-28.000225
97,97,0.020059396,-29.337479
98,98,0.026759604,-29.1946
99,99,0.0236505,-28.513433
100,100,0.010096263,-28.46562
101,101,0.02092107,-29.292002
102,102,0.020830352,-29.099442
103,103,0.021861713,-28.27504
104,104,0.020030726,-28.807861
105,105,0.022093657,-29.408401
106,106,0.021942258,-28.64918
107,107,0.024340492,-28.619732
108,108,0.015830139,-28.08186
109,109,0.0227446,-29.313173
110,110,0.02275462,-28.507023
111,111,0.022219216,-28.865314
112,112,0.021812946,-29.14706
113,113,0.021762948,-28.796759
114,114,0.016149677,-29.168535
115,115,0.010498882,-28.925114
116,116,0.02281714,-28.811241
117,117,0.021436557,-28.954437
118,118,0.018095497,-28.920868
119,119,0.012561321,-29.226576
120,120,0.025437724,-28.630722
121,121,0.023546122,-28.259325
122,122,0.018828481,-29.144037
123,123,0.022116564,-29.270569
124,124,0.013936812,-28.608974
125,125,0.0229322,-29.064968
126,126,0.024160111,-28.951525
127,127,0.02094091,-28.883732
128,128,0.02138323,-29.743626
129,129,0.010454189,-29.194643
130,130,0.01742021,-28.653461
131,131,0.020698564,-28.814436
132,132,0.02068216,-28.777716
133,133,0.023458268,-28.672924
134,134,0.020938287,-29.300718
135,135,0.021040455,-29.476759
136,136,0.01908592,-27.442162
137,137,0.018388506,-29.524261
138,138,0.022082916,-29.086395
139,139,0.022175943,-29.365429
140,140,0.018721629,-29.06065
141,141,0.02098332,-28.85637
142,142,0.01377672,-28.998951
143,143,0.018843982,-29.011477
144,144,0.021484729,-29.184645
145,145,0.022625245,-29.165623
146,146,0.021566542,-29.069506
147,147,0.024139415,-29.866117
148,148,0.0216482,-29.403063
149,149,0.02047101,-28.622753
150,150,0.019085428,-29.167902
151,151,0.022852752,-29.343811
152,152,0.021474708,-28.988674
153,153,0.020034032,-28.214603
154,154,0.024177082,-28.84911
155,155,0.02246276,-29.177094
156,156,0.026034018,-29.271149
157,157,0.025060946,-29.061958
158,158,0.020148579,-28.641838
159,159,0.008722708,-28.355108
160,160,0.020598162,-29.07131
161,161,0.021024134,-28.543884
162,162,0.022405805,-28.543793
163,163,0.022267839,-28.698639
164,164,0.023043785,-28.720844
165,165,0.016863376,-28.572353
166,166,0.011491826,-28.502243
167,167,0.015594017,-29.011648
168,168,0.01678766,-28.583694
169,169,0.014135312,-28.363354
170,170,0.023276402,-29.28688
171,171,0.023397079,-29.679646
172,172,0.012289696,-29.189764
173,173,0.013869811,-29.826351
174,174,0.0220259,-28.987667
175,175,0.026183553,-28.857658
176,176,0.020418417,-29.154099
177,177,0.0075553237,-29.19212
178,178,0.024206124,-28.736612
179,179,0.0230713,-27.753904
180,180,0.022694018,-29.834759
181,181,0.02127583,-29.190367
182,182,0.0059722466,-28.562286
183,183,0.012037138,-28.690796
184,184,0.022148449,-29.070507
185,185,0.023913413,-29.747412
186,186,0.02138236,-29.632042
187,187,0.022836199,-28.787552
188,188,0.026408313,-28.79998
189,189,0.020771395,-29.19191
190,190,0.019664206,-29.929224
191,191,0.021836098,-29.14847
192,192,0.021782536,-28.800774
193,193,0.018222325,-28.452316
194,194,0.024673237,-28.12595
195,195,0.019002447,-29.27398
196,196,0.022408947,-29.554329
197,197,0.019438181,-29.41024
198,198,0.009036519,-29.62124
199,199,0.017612878,-29.117079
200,200,0.02386237,-29.618675
201,201,0.02014774,-28.926342
202,202,0.015725888,-29.358421
203,203,0.017557545,-28.07973
204,204,0.02545806,-28.07036
205,205,0.013355843,-29.230194
206,206,0.017763346,-28.803467
207,207,0.021497581,-29.002335
208,208,0.022698145,-28.482307
209,209,0.013337168,-28.986046
210,210,0.0268193,-29.693764
211,211,0.025036298,-28.364613
212,212,0.0081207985,-29.485977
213,213,0.019757869,-29.053684
214,214,0.023742812,-29.037125
215,215,0.016497774,-28.342049
216,216,0.016126644,-28.450695
217,217,0.018775314,-28.75057
218,218,0.017941415,-28.595993
219,219,0.019541744,-28.075705
220,220,0.016879488,-29.005234
221,221,0.020285087,-28.866114
222,222,0.018659536,-28.45752
223,223,0.018527992,-29.043356
224,224,0.02097321,-28.771748
225,225,0.021053996,-28.8578
226,226,0.0068843313,-28.874733
227,227,0.022139113,-28.688942
228,228,0.022245986,-29.910275
229,229,0.021679495,-29.380877
230,230,0.018538382,-28.6856
231,231,0.005631196,-29.541925
232,232,0.023520969,-28.484997
233,233,0.022235803,-29.241608
234,234,0.020623181,-28.414276
235,235,0.019075956,-28.698776
236,236,0.023313943,-29.01918
237,237,0.015651789,-28.908943
238,238,0.019277168,-29.019825
239,239,0.019661872,-28.551895
240,240,0.020680068,-27.752914
241,241,0.019035894,-29.520662
242,242,0.022869844,-29.07433
243,243,0.019208986,-28.841213
244,244,0.025429767,-28.493282
245,245,0.017449195,-28.166658
246,246,0.020704105,-29.105352
247,247,0.01636068,-28.000446
248,248,0.020722449,-29.607204
249,249,0.014528729,-27.81815
250,250,0.027521135,-29.114971
251,251,0.019403867,-28.63723
252,252,0.018282544,-28.253557
253,253,0.02150791,-29.007355
254,254,0.018261813,-28.40875
255,255,0.021306379,-28.194305
256,256,0.021313135,-29.497221
257,257,0.020022543,-28.81615
258,258,0.02118175,-29.633085
259,259,0.0037071956,-29.414173
260,260,0.0141630955,-28.431503
261,261,0.023320902,-28.826649
262,262,0.017295282,-28.207756
263,263,0.018329775,-29.169018
264,264,0.0200622,-29.543926
265,265,0.01985753,-29.215534
266,266,0.015097739,-29.490446
267,267,0.021506868,-28.322823
268,268,0.022512577,-29.014544
269,269,0.021143485,-29.10138
270,270,0.018862542,-28.939072
271,271,0.022283727,-28.94115
272,272,0.018483577,-28.747437
273,273,0.020111836,-28.81175
274,274,0.022195969,-28.448784
275,275,0.018753817,-29.45645
276,276,0.022937924,-28.813078
277,277,0.015647613,-29.215816
278,278,0.012077443,-28.394257
279,279,0.018600479,-28.880276
280,280,0.026791442,-29.038364
281,281,0.013256343,-28.651493
282,282,0.01923831,-29.385609
283,283,0.025511742,-28.620605
284,284,0.019834079,-29.0515
285,285,0.015170472,-28.509275
286,286,0.017701317,-29.14188
287,287,0.014519763,-28.992847
288,288,0.024387736,-29.137333
289,289,0.010941901,-28.926151
290,290,0.024194503,-28.822414
291,291,0.012133237,-28.155201
292,292,0.021518871,-29.822643
293,293,0.019224837,-28.377184
294,294,0.017607747,-28.984222
295,295,0.018589461,-29.073343
296,296,0.022217723,-28.247606
297,297,0.015621955,-28.861443
298,298,0.025596015,-28.967705
299,299,0.0069975243,-28.784718
300,300,0.009450997,-28.481813
301,301,0.017760336,-29.35624
302,302,0.02098668,-28.50933
303,303,0.022497987,-29.308674
304,304,0.016557196,-28.893763
305,305,0.023578368,-28.41101
306,306,0.017023265,-29.593075
307,307,0.0225374,-29.74249
308,308,0.02113238,-27.797222
309,309,0.017990794,-29.465363
310,310,0.022524923,-28.76947
311,311,0.014325485,-28.60214
312,312,0.019925613,-28.954443
313,313,0.023109704,-29.018894
314,314,0.022840265,-28.60158
315,315,0.01791168,-28.895672
316,316,0.026589163,-29.1273
317,317,0.024377875,-30.17
318,318,0.023959726,-28.098347
319,319,0.01776731,-28.305288
320,320,0.021990236,-28.545391
321,321,0.018178899,-28.89295
322,322,0.022453865,-28.76273
323,323,0.018326849,-29.679558
324,324,0.011041811,-29.02937
325,325,0.023910899,-28.48571
326,326,0.023704335,-29.292294
327,327,0.01855148,-29.336323
328,328,0.019785013,-28.711016
329,329,0.01146568,-29.059135
330,330,0.02208129,-27.57743
331,331,0.02394421,-28.952108
332,332,0.022706747,-29.19913
333,333,0.023452837,-28.9807
334,334,0.020320795,-28.936203
335,335,0.019989777,-29.485163
336,336,0.024037682,-29.172192
337,337,0.023703247,-28.747478
338,338,0.022015875,-28.669094
339,339,0.024215978,-29.211388
340,340,0.01578423,-28.860264
341,341,0.021977738,-29.250603
342,342,0.013988487,-29.705093
343,343,0.01711446,-29.005512
344,344,0.0065594586,-28.335903
345,345,0.01732815,-28.543377
346,346,0.01168834,-29.653988
347,347,0.017203137,-28.881376
348,348,0.023093872,-28.591635
349,349,0.02065155,-30.070486
350,350,0.017996062,-28.7135
351,351,0.016813207,-28.798145
352,352,0.011826979,-29.186169
353,353,0.018095369,-28.618742
354,354,0.010475954,-27.370945
355,355,0.01743199,-29.35121
356,356,0.020554006,-28.612232
357,357,0.024316888,-28.767454
358,358,0.021834154,-28.694395
359,359,0.019301161,-28.977028
360,360,0.019974861,-27.950203
361,361,0.013588509,-28.663204
362,362,0.019908143,-28.737001
363,363,0.018691637,-28.91621
364,364,0.023844782,-28.892807
365,365,0.017731003,-28.460583
366,366,0.020786267,-29.070961
367,367,0.022311365,-29.538422
368,368,0.019176807,-29.489958
369,369,0.017686475,-28.472952
370,370,0.025685878,-29.405663
371,371,0.025025465,-29.184464
372,372,0.019858502,-29.085499
373,373,0.025357764,-29.709335
374,374,0.021835983,-28.75467
375,375,0.015612252,-28.162888
376,376,0.018674029,-28.49341
377,377,0.016963817,-28.138294
378,378,0.017011892,-28.911419
379,379,0.02362493,-29.016514
380,380,0.019546505,-29.176197
381,381,0.016041145,-28.772936
382,382,0.020479884,-28.755678
383,383,0.021363677,-29.422432
384,384,0.015716013,-28.913887
385,385,0.024002053,-29.536676
386,386,0.023788478,-28.848053
387,387,0.022826754,-28.952415
388,388,0.00984933,-28.96848
389,389,0.021212835,-28.492975
390,390,0.021541605,-29.222914
391,391,0.019365173,-29.047522
392,392,0.016037848,-28.039913
393,393,0.020509876,-28.377762
394,394,0.016846705,-29.398298
395,395,0.017452793,-29.371222
396,396,0.020822654,-29.55311
397,397,0.022022549,-28.35342
398,398,0.019804705,-29.466883
399,399,0.02003892,-27.93962
400,400,0.02043619,-29.433367
401,401,0.020927422,-28.830566
402,402,0.025132265,-28.933968
403,403,0.012082773,-29.894379
404,404,0.014567461,-28.788666
405,405,0.020043032,-29.57351
406,406,0.023504063,-28.724127
407,407,0.016541615,-29.012196
408,408,0.006560786,-28.635136
409,409,0.023036588,-29.423193
410,410,0.017356135,-28.554596
411,411,0.012222549,-28.477974
412,412,0.020980563,-29.201914
413,413,0.016272014,-29.355797
414,414,0.023816936,-29.648113
415,415,0.020283427,-29.123064
416,416,0.024379285,-29.11531
417,417,0.022343153,-29.002167
418,418,0.011218762,-28.969173
419,419,0.024303276,-29.597492
420,420,0.02148167,-28.714945
421,421,0.020172453,-29.43341
422,422,0.022552382,-28.839579
423,423,0.021142555,-28.761993
424,424,0.021529054,-29.742596
425,425,0.017843585,-28.378422
426,426,0.028635532,-28.93823
427,427,0.02318196,-29.619743
428,428,0.023909446,-29.098282
429,429,0.017035889,-29.536251
430,430,0.020137537,-29.13729
431,431,0.020183228,-29.351326
432,432,0.019906282,-29.32033
433,433,0.023769768,-29.512974
434,434,0.02414079,-29.376644
435,435,0.019992594,-28.642487
436,436,0.013537324,-27.90751
437,437,0.01609868,-28.70779
438,438,0.0179529,-27.972197
439,439,0.02267887,-29.011139
440,440,0.016603444,-28.848368
441,441,0.017672267,-29.976448
442,442,0.019204367,-28.662415
443,443,0.023539145,-29.378479
444,444,0.025521956,-29.09145
445,445,0.010306873,-28.342089
446,446,0.02191094,-29.337292
447,447,0.0053704884,-28.856333
448,448,0.014959382,-29.371593
449,449,0.016186308,-28.879093
450,450,0.017629376,-28.48539
451,451,0.019848786,-29.490036
452,452,0.015733296,-29.539026
453,453,0.006134098,-28.699696
454,454,0.010619429,-29.179852
455,455,0.021590687,-28.923409
456,456,0.022426547,-29.223763
457,457,0.022453036,-28.852997
458,458,0.026250565,-29.129034
459,459,0.016843423,-28.132874
460,460,0.01714749,-29.48357
461,461,0.018815506,-29.361979
462,462,0.019581147,-29.282742
463,463,0.021314098,-28.976383
464,464,0.01019149,-28.009459
465,465,0.024379522,-28.478424
466,466,0.018050788,-29.439304
467,467,0.02218531,-27.357279
468,468,0.019966565,-28.555061
469,469,0.022651598,-27.566483
470,470,0.023393016,-28.237934
471,471,0.023041938,-29.064175
472,472,0.0096610375,-29.201107
473,473,0.021342544,-28.748013
474,474,0.013016849,-29.416008
475,475,0.025739256,-28.581825
476,476,0.018581003,-29.578985
477,477,0.01920738,-28.98105
478,478,0.009427341,-29.097075
479,479,0.017354611,-28.817211
480,480,0.021135455,-28.060211
481,481,0.01803147,-29.835926
482,482,0.022816408,-29.187298
483,483,0.017510263,-28.387661
484,484,0.022464173,-29.24268
485,485,0.02398663,-30.347853
486,486,0.0072432216,-29.99642
487,487,0.021937706,-30.147955
488,488,0.021296252,-28.85442
489,489,0.016115023,-28.74427
490,490,0.024465596,-28.992926
491,491,0.010332229,-29.296782
492,492,0.006309224,-29.041218
493,493,0.0140475705,-28.930462
494,494,0.018316679,-29.299023
495,495,0.00057462696,-28.75335
496,496,0.023346454,-29.671204
497,497,0.020567555,-28.516352
498,498,0.018963398,-28.159756
499,499,0.022229018,-29.365519
500,500,0.026900757,-29.389862
501,501,0.014325642,-28.563156
502,502,0.019555422,-28.071095
503,503,0.0149404025,-29.13818
504,504,0.023476753,-29.668486
505,505,0.024762947,-29.67789
506,506,0.020592533,-29.047825
507,507,0.023440056,-29.806654
508,508,0.025008768,-28.308456
509,509,0.02416333,-29.10971
510,510,0.023846805,-28.159916
511,511,0.0066666454,-28.447891
512,512,0.025305685,-29.113663
513,513,0.022878539,-29.219671
514,514,0.009880198,-28.862741
515,515,0.010531751,-29.303993
516,516,0.016384538,-28.402872
517,517,0.015595128,-29.20656
518,518,0.023209196,-29.32681
519,519,0.020952033,-29.359621
520,520,0.01966361,-29.193943
521,521,0.022685438,-29.276941
522,522,0.022954755,-29.343056
523,523,0.025343671,-29.42342
524,524,0.024201859,-29.28684
525,525,0.0072399704,-29.689785
526,526,0.02367403,-29.853449
527,527,0.019022383,-28.92443
528,528,0.023575678,-29.781372
529,529,0.023163991,-28.548378
530,530,0.025481056,-29.591627
531,531,0.015199787,-28.639338
532,532,0.022802038,-28.65292
533,533,0.021934455,-28.946564
534,534,0.019465107,-29.125935
535,535,0.016629511,-28.96856
536,536,0.018460745,-29.004791
537,537,0.019935861,-28.77428
538,538,0.017257242,-28.234127
539,539,0.019468723,-29.279747
540,540,0.018728655,-28.404785
541,541,0.021462915,-29.06805
542,542,0.019128397,-29.10809
543,543,0.018866023,-27.93085
544,544,0.012711791,-29.080906
545,545,0.02101783,-28.71722
546,546,0.0138557125,-27.683495
547,547,0.019868568,-28.586464
548,548,0.021047924,-28.57634
549,549,0.024551209,-28.971195
550,550,0.023383018,-29.951218
551,551,0.021588966,-28.566717
552,552,0.019925613,-29.120697
553,553,0.02164118,-28.235674
554,554,0.024490718,-28.101456
555,555,0.020894675,-28.662004
556,556,0.023091236,-29.226608
557,557,0.023121316,-28.656853
558,558,0.024987796,-28.46619
559,559,0.02193737,-28.945423
560,560,0.025574889,-28.970871
561,561,0.020366605,-29.704702
562,562,0.018319044,-29.192812
563,563,0.018428605,-29.52303
564,564,0.023026414,-28.353827
565,565,0.025912868,-29.038322
566,566,0.023558348,-27.914322
567,567,0.019376798,-29.10539
568,568,0.021105718,-28.857662
569,569,0.024375234,-29.246086
570,570,0.02358356,-28.891726
571,571,0.020891182,-29.058619
572,572,0.017693534,-29.47652
573,573,0.021996945,-29.237862
574,574,0.02656269,-30.255974
575,575,0.021669611,-29.133139
576,576,0.015389601,-29.572111
577,577,0.022145137,-28.258484
578,578,0.0057122433,-28.803795
579,579,0.017643843,-29.256754
580,580,0.019755486,-28.705914
581,581,0.019489719,-28.713879
582,582,0.016252067,-29.055954
583,583,0.023949105,-29.177578
584,584,0.018615693,-28.47715
585,585,0.021624621,-27.85532
586,586,0.023083352,-28.783245
587,587,0.0050961226,-28.866695
588,588,0.02072878,-28.397213
589,589,0.0174417,-29.182716
590,590,0.017367907,-28.436138
591,591,0.022106212,-27.90099
592,592,0.019895826,-29.357964
593,593,0.022167653,-28.17395
594,594,0.020105364,-29.409447
595,595,0.011385586,-28.563354
596,596,0.022957936,-29.153706
597,597,0.018863928,-27.483643
598,598,0.02218333,-28.825218
599,599,0.019442022,-29.51119
600,600,0.017836597,-28.786945
601,601,0.019482331,-28.997494
602,602,0.021567823,-29.08054
603,603,0.015929434,-29.27603
604,604,0.017761037,-29.81287
605,605,0.024440136,-28.837292
606,606,0.01738549,-28.757288
607,607,0.015443708,-29.611458
608,608,0.021459175,-29.607758
609,609,0.015207545,-29.110672
610,610,0.02570946,-29.019634
611,611,0.021453988,-28.647966
612,612,0.021478757,-28.666807
613,613,0.021913469,-29.45168
614,614,0.021381795,-28.78973
615,615,0.019735442,-28.98039
616,616,0.019671919,-29.56812
617,617,0.024895903,-29.121962
618,618,0.01794577,-28.705334
619,619,0.017370155,-29.50425
620,620,0.021834977,-29.29791
621,621,0.01850434,-29.49502
622,622,0.014324337,-29.338554
623,623,0.023241855,-29.503521
624,624,0.01760551,-30.001091
625,625,0.019277852,-29.785824
626,626,0.013713749,-29.422796
627,627,0.021311972,-28.552303
628,628,0.018963955,-28.72664
629,629,0.016909873,-29.054312
630,630,0.023058467,-29.812843
631,631,0.021000188,-29.601473
632,632,0.019938713,-29.235332
633,633,0.022079095,-28.984177
634,634,0.019214982,-28.31311
635,635,0.018569777,-29.703367
636,636,0.016400428,-28.640615
637,637,0.021052476,-28.156487
638,638,0.02331806,-29.024593
639,639,0.023248617,-28.745535
640,640,0.019123197,-29.034546
641,641,0.01867256,-28.565527
642,642,0.02069822,-28.805058
643,643,0.020136392,-28.69529
644,644,0.017927742,-28.993788
645,645,0.020767668,-29.559525
646,646,0.017132843,-29.079857
647,647,0.00025867578,-29.047821
648,648,0.020509407,-28.303411
649,649,0.02545388,-29.31552
650,650,0.023305157,-28.620079
651,651,0.021818578,-28.161211
652,652,0.021331394,-29.507523
653,653,0.018629106,-29.288353
654,654,0.017696276,-29.69925
655,655,0.016551033,-27.617016
656,656,0.02075251,-29.360725
657,657,0.019512901,-29.143105
658,658,0.025334073,-28.723284
659,659,0.015965562,-28.9094
660,660,0.023839856,-29.30917
661,661,0.023482919,-29.109585
662,662,0.025148243,-29.100573
663,663,0.02206553,-29.094862
664,664,0.019780103,-28.011978
665,665,0.012372861,-28.618244
666,666,0.020103168,-28.507776
667,667,0.022975627,-29.237175
668,668,0.022379447,-29.091982
669,669,0.019761505,-29.418457
670,670,0.0068703303,-28.649004
671,671,0.013025895,-28.925446
672,672,0.022864528,-29.634514
673,673,0.016559942,-29.109863
674,674,0.01983496,-28.94197
675,675,0.019396886,-28.423689
676,676,0.016766109,-29.680939
677,677,0.019043814,-28.606686
678,678,0.02449894,-29.159931
679,679,0.021406334,-28.678844
680,680,0.02100801,-28.646687
681,681,0.016560733,-28.582594
682,682,0.019637994,-28.893776
683,683,0.017822782,-29.018078
684,684,0.021793436,-29.382145
685,685,0.02258315,-29.11058
686,686,0.008470838,-29.702236
687,687,0.021398954,-29.292133
688,688,0.012814244,-28.056648
689,689,0.023829252,-28.923895
690,690,0.008780143,-28.344326
691,691,0.005788577,-29.19189
692,692,0.022500172,-28.829214
693,693,0.021095127,-28.706724
694,694,0.020265669,-29.595562
695,695,0.0054458366,-27.878077
696,696,0.018226549,-29.282057
697,697,0.024845924,-28.992535
698,698,0.024461264,-28.579294
699,699,0.017749324,-28.285095
700,700,0.015198852,-28.907108
701,701,0.02475726,-29.508152
702,702,0.00794883,-29.57382
703,703,0.020925859,-28.605341
704,704,0.020133529,-29.25011
705,705,0.022326905,-29.084854
706,706,0.011825786,-29.553566
707,707,0.020860512,-28.913095
708,708,0.025071226,-28.980894
709,709,0.017998466,-28.584436
710,710,0.023747388,-28.926525
711,711,0.020921823,-29.026491
712,712,0.015484441,-30.122856
713,713,0.021397643,-29.006096
714,714,0.01976678,-28.675583
715,715,0.014646942,-28.8214
716,716,0.018727992,-29.536734
717,717,0.019595213,-28.210545
718,718,0.017208718,-28.843529
719,719,0.019378714,-28.751717
720,720,0.017590743,-29.876072
721,721,0.01120088,-28.902946
722,722,0.02079656,-29.160437
723,723,0.02026867,-29.09943
724,724,0.02080879,-28.767967
725,725,0.016709551,-28.624016
726,726,0.022690564,-27.97015
727,727,0.020473968,-28.764236
728,728,0.025418628,-29.411674
729,729,0.021553446,-29.535393
730,730,0.02307017,-30.060646
731,731,0.018187165,-29.835815
732,732,0.020781592,-28.895864
733,733,0.021437615,-30.246387
734,734,0.017081503,-28.03495
735,735,0.024299463,-29.14137
736,736,0.017574105,-28.721003
737,737,0.019552385,-29.072624
738,738,0.021427952,-29.884264
739,739,0.023410128,-29.648708
740,740,0.020942982,-29.028187
741,741,0.024958735,-29.002892
742,742,0.017093983,-28.194958
743,743,0.027802646,-28.875721
744,744,0.020209014,-27.843996
745,745,0.019350108,-29.11853
746,746,0.018786006,-29.853077
747,747,0.018013246,-28.758778
748,748,0.013722687,-28.229183
749,749,0.008556377,-28.574272
750,750,0.02028248,-29.400425
751,751,0.02043005,-29.011387
752,752,0.021404788,-28.842794
753,753,0.021474121,-29.04062
754,754,0.021652568,-28.986013
755,755,0.018641608,-29.191301
756,756,0.023432167,-29.013882
757,757,0.025600653,-29.544083
758,758,0.011552937,-29.337078
759,759,0.015838865,-27.864922
760,760,0.014207428,-28.567
761,761,0.023216559,-29.49378
762,762,0.015126504,-28.83407
763,763,0.014484391,-28.56105
764,764,0.021913651,-29.513145
765,765,0.016907122,-29.124016
766,766,0.02148363,-29.26581
767,767,0.018663725,-28.709099
768,768,0.023861947,-29.330172
769,769,0.01641959,-29.259117
770,770,0.02521198,-28.646067
771,771,0.008308137,-28.408436
772,772,0.023499615,-28.861324
773,773,0.013875812,-28.840458
774,774,0.021591987,-29.446297
775,775,0.014555203,-29.581814
776,776,0.021787738,-29.312626
777,777,0.01588389,-29.250097
778,778,0.024285663,-28.827461
779,779,0.025068749,-28.34467
780,780,0.023645202,-28.92575
781,781,0.022840466,-28.703066
782,782,0.022631181,-29.410366
783,783,0.012347122,-28.02063
784,784,0.020158472,-28.761194
785,785,0.020620305,-29.66637
786,786,0.023410046,-29.111572
787,787,0.010772455,-29.155952
788,788,0.022631168,-28.760853
789,789,0.025488887,-28.608238
790,790,0.021975331,-29.186705
791,791,0.018608054,-28.82774
792,792,0.028262384,-29.497427
793,793,0.01803088,-28.093418
794,794,0.02234954,-28.499786
795,795,0.019920986,-27.96205
796,796,0.0197651,-28.876247
797,797,0.021097288,-28.654993
798,798,0.018789858,-28.837082
799,799,0.021507395,-28.670832
800,800,0.019110238,-28.514584
801,801,0.023499588,-28.950436
802,802,0.022352556,-29.114
803,803,0.018678058,-28.772102
804,804,0.009612597,-29.730135
805,805,0.022085413,-28.817497
806,806,0.01601485,-28.957012
807,807,0.026030015,-28.341457
808,808,0.024379402,-28.1689
809,809,0.016328402,-28.959204
810,810,0.02237662,-28.685246
811,811,0.011504284,-28.660212
812,812,0.014249163,-29.251457
813,813,0.019940082,-29.354073
814,814,0.022948392,-28.769854
815,815,0.024006128,-29.628109
816,816,0.017332584,-29.892206
817,817,0.016810726,-28.945398
818,818,0.021863008,-29.68883
819,819,0.022636658,-29.285553
820,820,0.0184345,-28.285961
821,821,0.024242781,-28.791508
822,822,0.018618526,-28.799314
823,823,0.020500867,-28.85153
824,824,0.01384294,-29.39032
825,825,0.0193114,-29.059532
826,826,0.014170507,-29.370132
827,827,0.02196952,-28.722645
828,828,0.027867058,-29.328726
829,829,0.018682377,-29.752853
830,830,0.0145482635,-28.954784
831,831,0.02276508,-29.418037
832,832,0.01996445,-29.647573
833,833,0.021538416,-29.104963
834,834,0.02003899,-28.80001
835,835,0.024414798,-29.42073
836,836,0.019572733,-29.109703
837,837,0.019011866,-28.812885
838,838,0.016664516,-28.42538
839,839,0.023458859,-28.686897
840,840,0.02523436,-28.402699
841,841,0.012910626,-28.787758
842,842,0.009167808,-29.071754
843,843,0.023460584,-28.932322
844,844,0.017159382,-28.919502
845,845,0.016637295,-29.017189
846,846,0.020385725,-28.12484
847,847,0.018591765,-27.969398
848,848,0.018844571,-28.748413
849,849,0.01786767,-28.047882
850,850,0.013995551,-28.480015
851,851,0.0127977,-29.604185
852,852,0.018656597,-29.23064
853,853,0.0029515438,-29.241161
854,854,0.0175232,-28.52781
855,855,0.018395055,-29.405964
856,856,0.024548959,-28.725376
857,857,0.018094996,-29.193748
858,858,0.02589748,-29.473145
859,859,0.015527086,-29.016914
860,860,0.019534852,-29.208467
861,861,0.026848339,-29.321625
862,862,0.015425447,-29.118835
863,863,0.017975602,-28.29272
864,864,0.019283084,-29.539742
865,865,0.01810361,-27.777615
866,866,0.017008329,-29.436798
867,867,0.011059127,-29.274605
868,868,0.024819188,-29.040693
869,869,0.019022232,-27.441391
870,870,0.021249622,-28.3957
871,871,0.016358301,-29.073689
872,872,0.012573614,-27.93208
873,873,0.021841954,-28.600534
874,874,0.019690562,-28.51735
875,875,0.021991868,-28.544426
876,876,0.013663879,-29.991413
877,877,0.021204716,-28.220158
878,878,0.01726095,-28.421333
879,879,0.023425233,-29.079792
880,880,0.008822091,-29.137886
881,881,0.022703033,-28.68088
882,882,0.018793851,-28.543623
883,883,0.023927309,-28.929817
884,884,0.016699456,-28.477745
885,885,0.018803103,-29.240887
886,886,0.025220267,-29.174194
887,887,0.021188287,-29.121847
888,888,0.019835627,-28.530352
889,889,0.022096295,-29.598766
890,890,0.023013346,-29.389301
891,891,0.015664848,-28.949512
892,892,0.015695125,-29.27705
893,893,0.022948533,-28.591944
894,894,0.017496724,-29.262587
895,895,0.014611776,-29.409786
896,896,0.020351507,-28.725443
897,897,0.018025873,-28.347271
898,898,0.010378143,-29.125835
899,899,0.021529565,-28.599434
900,900,0.021133164,-28.174694
901,901,0.017452985,-29.524258
902,902,0.01852866,-28.593092
903,903,0.017099526,-28.444902
904,904,0.010596199,-28.992188
905,905,0.015681595,-28.18689
906,906,0.023936428,-29.074514
907,907,0.021747485,-29.530485
908,908,0.024144853,-29.064312
909,909,0.016228661,-28.036991
910,910,0.017658502,-28.725918
911,911,0.018581413,-28.550823
912,912,0.018775206,-28.671055
913,913,0.025262054,-28.742674
914,914,0.022937192,-29.973112
915,915,0.018358637,-28.503326
916,916,0.025963482,-28.792324
917,917,0.017354112,-30.13078
918,918,0.012283204,-28.50219
919,919,0.020694114,-28.951973
920,920,0.018782033,-29.380745
921,921,0.020736866,-27.009674
922,922,0.01894277,-28.837334
923,923,0.019222619,-29.362034
924,924,0.023334322,-29.623438
925,925,0.013768226,-28.524208
926,926,0.020205699,-28.809072
927,927,0.017262679,-28.865007
928,928,0.0187793,-27.9893
929,929,0.016529713,-28.865738
930,930,0.022236139,-29.31689
931,931,0.021773754,-28.89455
932,932,0.01695338,-28.949184
933,933,0.015638694,-29.66619
934,934,0.006008965,-29.265148
935,935,0.020043533,-28.766228
936,936,0.020778138,-29.407703
937,937,0.017595861,-28.86166
938,938,0.021756921,-28.519592
939,939,0.024432752,-28.225742
940,940,0.023057958,-28.304853
941,941,0.021269616,-28.871243
942,942,0.022791851,-28.614004
943,943,0.02180833,-29.56585
944,944,0.024682203,-28.57679
945,945,0.023012932,-29.226257
946,946,0.023360735,-27.622284
947,947,0.016794626,-29.462524
948,948,0.02031887,-28.44572
949,949,0.018744072,-28.852757
950,950,0.023387987,-28.681438
951,951,0.015201906,-29.714962
952,952,0.021976842,-29.397038
953,953,0.025371034,-29.317871
954,954,0.014417978,-28.673492
955,955,0.02085946,-28.658081
956,956,0.013247457,-29.512766
957,957,0.026326982,-29.293568
958,958,0.019274969,-29.016085
959,959,0.01900885,-29.100994
960,960,0.020034391,-29.801186
961,961,0.021687565,-28.974682
962,962,0.025277857,-28.241674
963,963,0.018812262,-29.428986
964,964,0.02499985,-29.432896
965,965,0.023640681,-29.385426
966,966,0.01622655,-28.991297
967,967,0.014780426,-28.56826
968,968,0.024448285,-29.428864
969,969,0.018514363,-29.500858
970,970,0.015904069,-29.32224
971,971,0.024253044,-29.559225
972,972,0.02239526,-29.435257
973,973,0.020292867,-29.449802
974,974,0.021814156,-29.11304
975,975,0.018920245,-29.341755
976,976,0.024287835,-28.675182
977,977,0.022684084,-28.8719
978,978,0.022989577,-28.439178
979,979,0.010733224,-29.173649
980,980,0.01483133,-28.922009
981,981,0.019560963,-28.899536
982,982,0.019334003,-29.1246
983,983,0.015281112,-29.216957
984,984,0.012589094,-28.919155
985,985,0.021471124,-28.74224
986,986,0.016361736,-29.563726
987,987,0.019507874,-29.391209
988,988,0.017708754,-27.744755
989,989,0.0106190005,-29.043877
990,990,0.020313814,-29.284237
991,991,0.016407795,-30.06856
992,992,0.0068246475,-29.126873
993,993,0.022535633,-27.303392
994,994,0.018662767,-28.44159
995,995,0.02085182,-28.798185
996,996,0.022273008,-29.142187
997,997,0.0188103,-28.67022
998,998,0.021320483,-29.09919
999,999,0.017635118,-29.565407
1000,1000,0.022383459,-29.258207
1001,1001,0.019073993,-28.661554
1002,1002,0.021412894,-29.37774
1003,1003,0.02403563,-29.34047
1004,1004,0.016002798,-28.992073
1005,1005,0.017649958,-28.496765
1006,1006,0.01879555,-29.819021
1007,1007,0.025425646,-29.2648
1008,1008,0.01768795,-28.636711
1009,1009,0.023447135,-28.83418
1010,1010,0.023166928,-28.689537
1011,1011,0.018944638,-28.491991
1012,1012,0.011549224,-29.96937
1013,1013,0.025215127,-29.025276
1014,1014,0.023126226,-29.387552
1015,1015,0.02070633,-28.852474
1016,1016,0.016989265,-27.467224
1017,1017,0.02512399,-28.850676
1018,1018,0.018260606,-28.727526
1019,1019,0.023961708,-28.77635
1020,1020,0.015381349,-29.18208
1021,1021,0.0067467685,-28.782072
1022,1022,0.01634505,-29.193562
1023,1023,0.022694824,-29.099546
1024,1024,0.02307732,-29.521091
1025,1025,0.01339829,-28.746876
1026,1026,0.010902736,-28.926464
1027,1027,0.022086728,-27.671288
1028,1028,0.023746949,-29.795218
1029,1029,0.018220384,-28.900414
1030,1030,0.015086789,-29.244316
1031,1031,0.0219865,-27.836763
1032,1032,0.022053089,-29.285332
1033,1033,0.022720825,-29.141516
1034,1034,0.022969786,-29.001575
1035,1035,0.023142356,-28.724058
1036,1036,0.027050886,-27.94812
1037,1037,0.022787374,-28.896748
1038,1038,0.018786132,-27.649754
1039,1039,0.022065002,-28.904518
1040,1040,0.016658995,-28.91754
1041,1041,0.019298024,-28.06977
1042,1042,0.016434863,-28.54258
1043,1043,0.020533845,-29.679226
1044,1044,0.017201317,-29.38604
1045,1045,0.021473838,-29.16167
1046,1046,0.017716216,-28.140959
1047,1047,0.021094777,-28.02317
1048,1048,0.011788397,-28.888184
1049,1049,0.0142035745,-27.58028
1050,1050,0.02327488,-28.651083
1051,1051,0.020867324,-29.044235
1052,1052,0.016173318,-30.175188
1053,1053,0.018054953,-28.34977
1054,1054,0.023970652,-29.542795
1055,1055,0.021609532,-28.574753
1056,1056,0.025311727,-29.66229
1057,1057,0.018706137,-29.314995
1058,1058,0.014741784,-29.810871
1059,1059,0.023889016,-29.712149
1060,1060,0.020104501,-29.053242
1061,1061,0.022549083,-28.676104
1062,1062,0.02338258,-28.63056
1063,1063,0.01779944,-29.39857
1064,1064,0.020593759,-28.101368
1065,1065,0.023052799,-29.630417
1066,1066,0.020453984,-28.454948
1067,1067,0.022572316,-27.845112
1068,1068,0.016838457,-29.704376
1069,1069,0.020279411,-28.303978
1070,1070,0.022931466,-28.63279
1071,1071,0.020367397,-29.38591
1072,1072,0.023818668,-29.623573
1073,1073,0.021009158,-29.243294
1074,1074,0.0208487,-27.718647
1075,1075,0.017763041,-28.89186
1076,1076,0.019409314,-29.481966
1077,1077,0.02179975,-28.873474
1078,1078,0.018462121,-29.58616
1079,1079,0.019381542,-28.52784
1080,1080,0.016277656,-29.055729
1081,1081,0.018490769,-30.114944
1082,1082,0.014829595,-29.114576
1083,1083,0.01762195,-28.75321
1084,1084,0.023106236,-28.883837
1085,1085,0.019051574,-29.070803
1086,1086,0.018619455,-28.528934
1087,1087,0.015865702,-28.731716
1088,1088,0.01825122,-28.47466
1089,1089,0.016894517,-28.986313
1090,1090,0.011357607,-28.744768
1091,1091,0.0150120845,-29.259691
1092,1092,0.01936189,-28.442806
1093,1093,0.018047942,-28.481977
1094,1094,0.024971955,-28.917665
1095,1095,0.024458924,-29.24202
1096,1096,0.013747152,-28.695183
1097,1097,0.021187002,-28.960003
1098,1098,0.018465605,-29.285063
1099,1099,0.019030375,-28.279129
1100,1100,0.018848864,-29.359472
1101,1101,0.016059898,-29.039333
1102,1102,0.024437752,-29.360523
1103,1103,0.018594116,-28.936104
1104,1104,0.022269364,-29.111675
1105,1105,0.022742935,-28.899118
1106,1106,0.016342808,-28.537369
1107,1107,0.0136231445,-28.320602
1108,1108,0.021852452,-29.901228
1109,1109,0.01815543,-28.775867
1110,1110,0.023430245,-28.864803
1111,1111,0.021251064,-29.30774
1112,1112,0.016503828,-29.153557
1113,1113,0.016489835,-28.86607
1114,1114,0.023785528,-29.010063
1115,1115,0.019517235,-29.002861
1116,1116,0.0236837,-29.10943
1117,1117,0.022376016,-29.784716
1118,1118,0.01612991,-29.949215
1119,1119,0.018107608,-28.728443
1120,1120,-0.00595657,-29.099937
1121,1121,0.020180387,-29.241806
1122,1122,0.022874437,-29.42333
1123,1123,0.023631213,-29.915596
1124,1124,0.01995418,-28.782698
1125,1125,0.02216907,-29.06694
1126,1126,0.015782049,-29.011587
1127,1127,0.018451557,-28.638172
1128,1128,0.021686152,-29.058704
1129,1129,0.0027209395,-29.995625
1130,1130,0.020591244,-29.008858
1131,1131,0.019094791,-28.146002
1132,1132,0.02122558,-29.624554
1133,1133,0.019736897,-27.68431
1134,1134,0.021840746,-29.277863
1135,1135,0.025844637,-28.626127
1136,1136,0.02233864,-29.29731
1137,1137,0.017957298,-29.383148
1138,1138,0.02420438,-29.21342
1139,1139,0.02268285,-29.372047
1140,1140,0.0037542968,-28.10807
1141,1141,0.023894241,-28.89642
1142,1142,0.018182505,-28.763288
1143,1143,0.024799671,-29.286764
1144,1144,0.021007553,-28.890919
1145,1145,0.010649807,-28.62492
1146,1146,0.019780856,-29.307686
1147,1147,0.02503284,-28.84515
1148,1148,0.024720129,-29.504658
1149,1149,0.021018011,-29.287674
1150,1150,0.015099156,-28.875183
1151,1151,0.021145571,-30.212517
1152,1152,0.008917509,-28.438581
1153,1153,0.016834361,-28.995277
1154,1154,0.02145064,-28.557781
1155,1155,0.022941101,-29.952991
1156,1156,0.016588518,-29.396286
1157,1157,0.007779435,-28.705887
1158,1158,0.019479437,-29.077509
1159,1159,0.008247865,-28.60587
1160,1160,0.020778101,-28.957607
1161,1161,0.024156345,-29.194183
1162,1162,0.018776037,-28.389273
1163,1163,0.019771792,-29.027857
1164,1164,0.018289026,-28.021858
1165,1165,0.018344209,-29.126396
1166,1166,0.023374334,-29.547523
1167,1167,0.02436532,-29.26434
1168,1168,0.022744492,-29.085352
1169,1169,0.022367563,-28.730331
1170,1170,0.017715003,-28.61076
1171,1171,0.020508062,-29.666618
1172,1172,0.015543449,-28.915142
1173,1173,0.02347627,-29.413193
1174,1174,0.022246066,-29.93058
1175,1175,0.018892655,-28.89407
1176,1176,0.02066248,-30.12075
1177,1177,0.018371288,-28.1081
1178,1178,0.015594512,-29.098492
1179,1179,0.022317018,-29.49724
1180,1180,0.023170363,-28.451487
1181,1181,0.021283338,-29.454174
1182,1182,0.019001974,-27.908237
1183,1183,0.026572574,-29.04726
1184,1184,0.021615315,-28.790737
1185,1185,0.026116233,-28.612265
1186,1186,0.015842246,-28.419506
1187,1187,0.01923725,-28.61737
1188,1188,0.022556456,-28.64888
1189,1189,0.019154686,-28.700848
1190,1190,0.013328668,-29.387152
1191,1191,0.019166924,-29.443861
1192,1192,0.022517867,-28.608038
1193,1193,0.019048866,-30.124489
1194,1194,0.020289965,-29.160183
1195,1195,0.01907221,-28.90578
1196,1196,0.021580607,-28.644302
1197,1197,0.026386976,-28.871696
1198,1198,0.0174823,-29.279354
1199,1199,0.017873399,-28.31216
1200,1200,0.026524618,-28.593513
1201,1201,0.018202271,-28.589714
1202,1202,0.020643488,-29.034485
1203,1203,0.020959321,-28.854614
1204,1204,0.011124,-29.186783
1205,1205,0.020151483,-29.309898
1206,1206,0.021280061,-28.575588
1207,1207,0.013489676,-29.365522
1208,1208,0.024318373,-29.66549
1209,1209,0.017365124,-28.401379
1210,1210,0.009286272,-29.02663
1211,1211,0.019480092,-28.424015
1212,1212,0.018448932,-29.474834
1213,1213,0.022573758,-29.294758
1214,1214,0.018872231,-28.284054
1215,1215,0.024596047,-29.841652
1216,1216,0.021933183,-28.70401
1217,1217,0.021404479,-29.293459
1218,1218,0.019525025,-28.29012
1219,1219,0.016665015,-29.40432
1220,1220,0.025438901,-28.746275
1221,1221,0.020428844,-28.612816
1222,1222,0.018863754,-28.620914
1223,1223,0.023880523,-29.230309
1224,1224,0.018372402,-28.54472
1225,1225,0.024285425,-29.771881
1226,1226,0.021871187,-28.329117
1227,1227,0.021004906,-28.563164
1228,1228,0.025037203,-28.81123
1229,1229,0.011087973,-28.327614
1230,1230,0.017047897,-27.528858
1231,1231,0.021793477,-28.862965
1232,1232,0.015387903,-29.008629
1233,1233,0.021054726,-28.148235
1234,1234,0.011674497,-28.543297
1235,1235,0.011968892,-29.281937
1236,1236,0.021166928,-28.851955
1237,1237,0.016344383,-29.762596
1238,1238,0.010248676,-28.747158
1239,1239,0.015732795,-29.109581
1240,1240,0.021269158,-28.497692
1241,1241,0.018450735,-28.115852
1242,1242,0.011170434,-28.608665
1243,1243,0.016973522,-27.751225
1244,1244,0.014116555,-27.800165
1245,1245,0.024365783,-28.925468
1246,1246,0.026099905,-28.609842
1247,1247,0.02129389,-28.524063
1248,1248,0.016498152,-28.373178
1249,1249,0.022142656,-28.782888
1250,1250,0.018634088,-28.581905
1251,1251,0.021970568,-28.547104
1252,1252,0.0124331415,-28.771694
1253,1253,0.02244183,-29.34177
1254,1254,0.016963718,-28.97214
1255,1255,0.0172005,-28.82957
1256,1256,0.012461262,-29.073006
1257,1257,0.019123362,-29.159042
1258,1258,0.012443084,-28.112476
1259,1259,0.020011235,-29.45633
1260,1260,0.020294689,-29.604952
1261,1261,0.02008909,-28.796543
1262,1262,0.021708407,-29.452942
1263,1263,0.019338127,-29.143852
1264,1264,0.024202732,-28.600761
1265,1265,0.022055,-27.78844
1266,1266,0.024324313,-29.50256
1267,1267,0.028441735,-29.670155
1268,1268,0.0109329475,-29.267311
1269,1269,0.010921665,-29.778728
1270,1270,0.022597432,-29.202599
1271,1271,0.02023951,-29.386524
1272,1272,0.013524894,-29.949274
1273,1273,0.0147187915,-28.662342
1274,1274,0.02005086,-29.011635
1275,1275,0.017795842,-28.637917
1276,1276,0.012191471,-28.631126
1277,1277,0.017363366,-29.483284
1278,1278,0.0065012313,-29.814137
1279,1279,0.012483928,-28.926077
1280,1280,0.019759055,-28.901669
1281,1281,0.025840668,-28.521584
1282,1282,0.021583963,-29.275787
1283,1283,0.017599644,-29.332329
1284,1284,0.02294367,-28.567648
1285,1285,0.01737375,-28.62151
1286,1286,0.021851212,-29.41488
1287,1287,0.019388208,-28.229057
1288,1288,0.017826011,-29.745768
1289,1289,0.020867588,-29.425919
1290,1290,0.018407485,-27.987198
1291,1291,0.014710166,-28.975527
1292,1292,0.012711896,-29.534004
1293,1293,0.020073302,-29.263683
1294,1294,0.019942291,-29.107048
1295,1295,0.018265873,-29.64466
1296,1296,0.021538084,-28.575167
1297,1297,0.02324039,-28.769756
1298,1298,0.021053333,-29.693356
1299,1299,0.019952215,-28.301514
1300,1300,0.010709085,-29.47332
1301,1301,0.023406247,-28.978832
1302,1302,0.023906566,-29.26483
1303,1303,0.019157508,-28.91404
1304,1304,0.02166065,-29.697544
1305,1305,0.01824219,-29.006279
1306,1306,0.01852594,-29.091496
1307,1307,0.014369025,-29.791904
1308,1308,0.014416435,-29.180058
1309,1309,0.00984356,-28.960829
1310,1310,0.01908398,-29.025505
1311,1311,0.010540284,-28.345194
1312,1312,0.019872438,-29.082516
1313,1313,0.009795589,-28.034885
1314,1314,0.025454909,-29.625748
1315,1315,0.021564605,-28.234577
1316,1316,0.016846567,-29.923098
1317,1317,0.02537956,-29.012661
1318,1318,0.013671081,-29.207462
1319,1319,0.015769742,-28.200226
1320,1320,0.021669764,-29.264763
1321,1321,0.023758236,-30.152544
1322,1322,0.021120656,-28.76964
1323,1323,0.011853863,-29.68493
1324,1324,0.01939652,-29.272638
1325,1325,0.019193146,-29.000408
1326,1326,0.020479938,-28.3032
1327,1327,0.0141113,-29.096367
1328,1328,0.014486177,-28.675037
1329,1329,0.021741215,-29.201023
1330,1330,0.020092808,-28.262985
1331,1331,0.022347745,-28.998123
1332,1332,0.022763444,-29.434036
1333,1333,0.02244125,-28.520054
1334,1334,0.021396818,-27.97538
1335,1335,0.020385174,-28.69492
1336,1336,0.02048816,-29.118319
1337,1337,0.016448103,-30.060328
1338,1338,0.012946561,-29.44914
1339,1339,0.023462549,-28.856445
1340,1340,0.009155293,-28.955647
1341,1341,0.008398799,-28.870121
1342,1342,0.019323785,-28.837542
1343,1343,0.02524912,-28.577377
1344,1344,0.022971949,-29.032604
1345,1345,0.0085158115,-28.996275
1346,1346,0.019596849,-29.158043
1347,1347,0.021745905,-29.18832
1348,1348,0.014059952,-28.912098
1349,1349,0.02204191,-28.717556
1350,1350,0.020483978,-28.952114
1351,1351,0.0059376834,-28.722462
1352,1352,0.023979139,-29.83583
1353,1353,0.019375168,-29.862497
1354,1354,0.023629233,-29.130377
1355,1355,0.018820062,-28.401495
1356,1356,0.01618153,-29.257887
1357,1357,0.01635297,-28.910835
1358,1358,0.019322326,-29.243492
1359,1359,0.025633845,-28.767601
1360,1360,0.018055309,-28.816109
1361,1361,0.01842088,-28.724823
1362,1362,0.012251157,-29.321718
1363,1363,0.023585934,-28.332289
1364,1364,0.009128294,-29.070633
1365,1365,0.026136123,-29.319233
1366,1366,0.021380784,-28.042034
1367,1367,0.017689308,-29.469612
1368,1368,0.023870848,-29.312244
1369,1369,0.019014977,-29.020966
1370,1370,0.01344352,-29.094074
1371,1371,0.020133032,-29.439281
1372,1372,0.018807862,-28.709648
1373,1373,0.009231491,-29.288376
1374,1374,0.020811513,-28.750471
1375,1375,0.02500537,-28.397526
1376,1376,0.01995852,-29.310074
1377,1377,0.020000646,-29.08236
1378,1378,0.023474295,-29.123291
1379,1379,0.021985516,-29.955826
1380,1380,0.01810643,-29.267754
1381,1381,0.028197577,-29.160006
1382,1382,0.021382913,-29.273922
1383,1383,0.013449387,-28.782682
1384,1384,0.017777776,-29.258928
1385,1385,0.022537172,-29.215443
1386,1386,0.020514345,-28.2308
1387,1387,0.022461519,-28.147205
1388,1388,0.021182505,-28.907228
1389,1389,0.022663776,-28.874828
1390,1390,0.0257245,-29.032969
1391,1391,0.009166183,-29.157032
1392,1392,0.020383053,-28.83389
1393,1393,0.017018208,-28.870497
1394,1394,0.021577235,-28.78058
1395,1395,0.025347207,-30.148666
1396,1396,0.019198012,-28.251305
1397,1397,0.024701944,-28.676357
1398,1398,0.019344976,-28.959255
1399,1399,0.016198274,-28.827415
1400,1400,0.020404655,-28.11127
1401,1401,0.020767909,-28.515759
1402,1402,0.022102943,-29.121532
1403,1403,0.020510232,-29.599522
1404,1404,0.02196001,-28.867558
1405,1405,0.017540744,-28.192991
1406,1406,0.024895608,-29.121853
1407,1407,0.018309455,-29.477085
1408,1408,0.021134572,-28.250416
1409,1409,0.01830755,-28.850313
1410,1410,0.016738426,-29.16191
1411,1411,0.014340633,-28.913977
1412,1412,0.021039503,-29.170086
1413,1413,0.020443413,-29.239384
1414,1414,0.017224345,-29.10295
1415,1415,0.020336676,-28.963083
1416,1416,0.021825382,-29.250473
1417,1417,0.013837125,-29.279892
1418,1418,0.021749116,-29.79265
1419,1419,0.011864906,-29.542057
1420,1420,0.02120899,-29.271679
1421,1421,0.02008666,-28.708176
1422,1422,0.020191597,-27.712908
1423,1423,0.021102417,-28.955196
1424,1424,0.0024213092,-28.824986
1425,1425,0.019400578,-29.902588
1426,1426,0.019937739,-28.995686
1427,1427,0.019143302,-28.384068
1428,1428,0.020698693,-28.780895
1429,1429,0.02327628,-28.61907
1430,1430,0.020035446,-29.215061
1431,1431,0.01699943,-29.153618
1432,1432,0.024167016,-28.705997
1433,1433,0.015375085,-29.302889
1434,1434,0.01996443,-28.995098
1435,1435,0.024248097,-28.950966
1436,1436,0.022405546,-29.376053
1437,1437,0.026952598,-29.679987
1438,1438,0.021832004,-29.074648
1439,1439,0.022722242,-28.543861
1440,1440,0.021038592,-28.082
1441,1441,0.025440913,-29.1469
1442,1442,0.012563674,-29.663963
1443,1443,0.017008737,-29.371517
1444,1444,0.015164221,-28.657368
1445,1445,0.012205348,-29.069458
1446,1446,0.023791723,-29.03488
1447,1447,0.0187751,-29.043833
1448,1448,0.020158809,-28.944733
1449,1449,0.020920694,-28.064379
1450,1450,0.019155493,-28.355145
1451,1451,0.021588493,-29.239006
1452,1452,0.018558234,-29.277931
1453,1453,0.019422423,-29.09187
1454,1454,0.020369092,-29.44172
1455,1455,0.021477245,-27.875866
1456,1456,0.020679768,-28.581738
1457,1457,0.022308938,-28.061722
1458,1458,0.020603195,-29.517157
1459,1459,0.023938125,-29.070778
1460,1460,0.022547679,-29.302237
1461,1461,0.024516793,-28.527584
1462,1462,0.021303013,-29.302177
1463,1463,0.015905986,-28.999287
1464,1464,0.020092543,-29.06916
1465,1465,0.017152606,-28.813194
1466,1466,0.02559774,-28.458399
1467,1467,0.022297759,-29.361797
1468,1468,0.015907332,-29.450287
1469,1469,0.01902237,-29.39293
1470,1470,0.022972323,-28.675262
1471,1471,0.022582516,-29.443125
1472,1472,0.016890218,-29.041245
1473,1473,0.01994652,-29.219357
1474,1474,0.02372767,-28.06741
1475,1475,0.021434976,-29.173527
1476,1476,0.01943085,-28.969662
1477,1477,0.015373279,-29.151747
1478,1478,0.017975645,-28.719059
1479,1479,0.016829457,-29.356865
1480,1480,0.019219227,-29.150515
1481,1481,0.02131246,-28.954844
1482,1482,0.020001635,-29.328598
1483,1483,0.011995183,-28.76542
1484,1484,0.017624779,-28.81733
1485,1485,0.0208515,-28.488894
1486,1486,0.023554975,-28.50911
1487,1487,0.022054164,-28.923622
1488,1488,0.019005265,-28.857
1489,1489,0.022531059,-28.03809
1490,1490,0.014203807,-29.306782
1491,1491,0.019180004,-29.236036
1492,1492,0.006649289,-28.835344
1493,1493,0.020613234,-28.668386
1494,1494,0.024752399,-28.782528
1495,1495,0.027078327,-29.046768
1496,1496,0.023116127,-28.897537
1497,1497,0.021531157,-29.1776
1498,1498,0.01916508,-28.655668
1499,1499,0.02270358,-29.0774
1500,1500,0.019492954,-29.363575
1501,1501,0.019847155,-28.29636
1502,1502,0.020377785,-28.854813
1503,1503,0.018460194,-28.394913
1504,1504,0.020037875,-28.619646
1505,1505,0.02447388,-28.727758
1506,1506,0.017330468,-28.434052
1507,1507,0.01974264,-29.515003
1508,1508,0.02033921,-28.452618
1509,1509,0.024546497,-29.075375
1510,1510,0.01753797,-29.118923
1511,1511,0.025984537,-28.817352
1512,1512,0.020937417,-28.410976
1513,1513,0.017555948,-29.000969
1514,1514,0.022350706,-28.269247
1515,1515,0.02062982,-29.01181
1516,1516,0.020571876,-28.857498
1517,1517,0.015565944,-28.559944
1518,1518,0.016590722,-28.94033
1519,1519,0.0054219286,-29.426636
1520,1520,0.024946036,-29.86925
1521,1521,0.020423155,-29.246826
1522,1522,0.018577127,-28.876225
1523,1523,0.015505496,-29.11574
1524,1524,0.023195662,-29.05348
1525,1525,0.02139336,-28.919926
1526,1526,0.0198013,-28.739374
1527,1527,0.019646453,-28.884216
1528,1528,0.019098265,-29.462605
1529,1529,0.011224206,-29.249775
1530,1530,0.019280985,-29.387825
1531,1531,0.023769649,-29.465654
1532,1532,0.023521278,-28.974136
1533,1533,0.025641989,-28.856197
1534,1534,0.02323547,-29.092371
1535,1535,0.01809967,-27.955929
1536,1536,0.018800676,-29.110907
1537,1537,0.02109892,-28.395487
1538,1538,0.018614257,-29.122585
1539,1539,0.023806304,-29.258694
1540,1540,0.020779671,-28.532986
1541,1541,0.022944756,-28.750324
1542,1542,0.024149736,-27.905634
1543,1543,0.017360777,-28.531412
1544,1544,0.022893501,-28.906029
1545,1545,0.020285686,-29.462952
1546,1546,0.020479836,-28.031559
1547,1547,0.017952416,-29.444393
1548,1548,0.024869446,-28.411177
1549,1549,0.016320616,-28.040142
1550,1550,0.024678044,-29.800632
1551,1551,0.01978653,-28.956518
1552,1552,0.019169627,-27.767902
1553,1553,0.019638587,-28.88277
1554,1554,0.010452288,-28.403545
1555,1555,0.012465013,-28.656649
1556,1556,0.025817374,-28.861574
1557,1557,0.01604656,-29.18378
1558,1558,0.02240317,-29.288387
1559,1559,0.01974037,-29.32236
1560,1560,0.01999921,-28.580349
1561,1561,0.016902193,-28.735626
1562,1562,0.018076856,-29.089802
1563,1563,0.0204054,-28.623882
1564,1564,0.020931456,-28.571705
1565,1565,0.01981197,-29.027786
1566,1566,0.020889705,-28.461819
1567,1567,0.022625953,-28.301361
1568,1568,0.020355524,-28.189566
1569,1569,0.007867363,-29.509987
1570,1570,0.01683563,-29.554863
1571,1571,0.023608133,-28.439028
1572,1572,0.023294447,-29.406612
1573,1573,0.020035224,-29.616203
1574,1574,0.0075942753,-28.947876
1575,1575,0.023284836,-29.133774
1576,1576,0.023231529,-29.312037
1577,1577,0.016032454,-28.808666
1578,1578,0.018393597,-28.769901
1579,1579,0.019767812,-28.49498
1580,1580,0.01882376,-28.524242
1581,1581,0.018125113,-28.152927
1582,1582,0.015927937,-28.542307
1583,1583,0.006773916,-28.391054
1584,1584,0.010334914,-28.966919
1585,1585,0.022940872,-28.584518
1586,1586,0.018521618,-28.186703
1587,1587,0.022704866,-29.04615
1588,1588,0.023675246,-29.249302
1589,1589,0.018173747,-28.441349
1590,1590,0.023073867,-29.274399
1591,1591,0.021064937,-28.351704
1592,1592,0.017485596,-29.285786
1593,1593,0.010737921,-28.519146
1594,1594,0.026139844,-29.307022
1595,1595,0.018790485,-29.321266
1596,1596,0.019092243,-29.503162
1597,1597,0.012793828,-29.227352
1598,1598,0.0041368115,-29.396608
1599,1599,0.020555932,-28.956186
1600,1600,0.021962672,-28.853476
1601,1601,0.012391355,-30.045631
1602,1602,0.019861257,-28.589952
1603,1603,0.021669079,-28.945171
1604,1604,0.023862774,-29.389103
1605,1605,0.018853724,-28.17916
1606,1606,0.022063531,-28.57477
1607,1607,0.020567637,-29.06224
1608,1608,0.018682504,-29.12902
1609,1609,0.019407757,-28.918217
1610,1610,0.018753057,-28.964478
1611,1611,0.018091818,-29.308514
1612,1612,0.02164378,-29.12823
1613,1613,0.022468563,-29.563202
1614,1614,0.023101728,-28.542557
1615,1615,0.021368723,-28.784122
1616,1616,0.024548749,-29.512457
1617,1617,0.01422238,-27.749294
1618,1618,0.023957152,-28.781471
1619,1619,0.015290211,-29.628254
1620,1620,0.01790355,-27.572582
1621,1621,0.01695466,-29.362415
1622,1622,0.017702874,-28.39885
1623,1623,0.019802837,-29.074558
1624,1624,0.020494273,-29.093876
1625,1625,0.01996623,-28.441647
1626,1626,0.022876497,-28.850521
1627,1627,0.017252564,-28.456934
1628,1628,0.019813478,-28.950348
1629,1629,0.011535045,-28.313751
1630,1630,0.017880622,-29.218103
1631,1631,0.023614421,-29.708855
1632,1632,0.008242563,-29.749666
1633,1633,0.0210569,-29.477085
1634,1634,0.022245705,-28.798294
1635,1635,0.02656481,-29.06009
1636,1636,0.013267325,-30.018772
1637,1637,0.020844955,-29.4097
1638,1638,0.011150146,-29.432953
1639,1639,0.01624151,-29.107796
1640,1640,0.023104124,-28.957518
1641,1641,0.01630552,-29.26281
1642,1642,0.012903792,-28.554958
1643,1643,0.02204108,-29.035622
1644,1644,0.02272705,-29.5174
1645,1645,0.024325054,-28.730953
1646,1646,0.023074094,-29.515175
1647,1647,0.019089919,-28.842625
1648,1648,0.024868714,-29.248144
1649,1649,0.020627908,-28.865969
1650,1650,0.024796015,-29.222073
1651,1651,0.018562138,-28.476831
1652,1652,0.019610425,-28.722523
1653,1653,0.012690441,-28.939594
1654,1654,0.013741903,-29.625206
1655,1655,0.020179473,-28.894302
1656,1656,0.022522684,-28.803513
1657,1657,0.017624427,-28.576204
1658,1658,0.01596551,-28.426718
1659,1659,0.021131374,-28.68716
1660,1660,0.0276913,-29.052227
1661,1661,0.02482035,-28.791794
1662,1662,0.02222425,-28.890217
1663,1663,0.023186877,-28.490273
1664,1664,0.02653846,-29.957897
1665,1665,0.02149283,-29.333426
1666,1666,0.019100886,-28.894665
1667,1667,0.015912164,-28.898905
1668,1668,0.02628286,-29.929
1669,1669,0.018418875,-29.456964
1670,1670,0.020944186,-28.558475
1671,1671,0.020320054,-28.510502
1672,1672,0.011408631,-28.99959
1673,1673,0.02560648,-29.275581
1674,1674,0.012091505,-28.90229
1675,1675,0.019790282,-27.963734
1676,1676,0.014326752,-29.457401
1677,1677,0.021671541,-29.123116
1678,1678,0.024717577,-28.99363
1679,1679,0.025626589,-29.399233
1680,1680,0.02044132,-28.285418
1681,1681,0.020715255,-28.592476
1682,1682,0.009526436,-29.228264
1683,1683,0.02034891,-28.449745
1684,1684,0.017870693,-28.726278
1685,1685,0.013867888,-30.019346
1686,1686,0.019361109,-29.258734
1687,1687,0.02127408,-29.186409
1688,1688,0.020818524,-29.230473
1689,1689,0.012083587,-29.244532
1690,1690,0.02353898,-29.771307
1691,1691,0.012967782,-29.252314
1692,1692,0.020476956,-29.051952
1693,1693,0.021487864,-28.994778
1694,1694,0.013539986,-29.153675
1695,1695,0.0066386582,-28.894957
1696,1696,0.022725172,-29.362934
1697,1697,0.019044213,-29.401585
1698,1698,0.022148222,-28.671501
1699,1699,0.019631557,-29.379194
1700,1700,0.022284579,-29.101048
1701,1701,0.014142173,-28.364708
1702,1702,0.021019455,-29.651564
1703,1703,0.023333479,-28.53188
1704,1704,0.02016979,-28.997128
1705,1705,0.024671085,-29.344194
1706,1706,0.01863323,-29.323841
1707,1707,0.022385687,-28.673992
1708,1708,0.02040933,-29.643253
1709,1709,0.013121653,-28.722233
1710,1710,0.018806517,-29.185448
1711,1711,0.021367205,-29.24186
1712,1712,0.02181564,-29.260824
1713,1713,0.018937737,-28.737312
1714,1714,0.020825764,-28.032135
1715,1715,0.020357851,-29.886879
1716,1716,0.020783845,-28.77327
1717,1717,0.019911798,-29.156116
1718,1718,0.015874812,-29.22955
1719,1719,0.021962857,-28.898098
1720,1720,0.021547722,-28.890728
1721,1721,0.021790758,-28.389996
1722,1722,0.018369405,-28.37297
1723,1723,0.020006511,-28.513603
1724,1724,0.027672194,-28.169537
1725,1725,0.017257646,-28.575235
1726,1726,0.021587761,-28.691475
1727,1727,0.022120807,-29.106167
1728,1728,0.023192292,-28.784687
1729,1729,0.01723861,-28.569714
1730,1730,0.023645647,-29.693043
1731,1731,0.008754124,-29.389032
1732,1732,0.020546129,-29.209337
1733,1733,0.021641564,-29.058308
1734,1734,0.02077027,-28.755926
1735,1735,0.0106791,-29.365105
1736,1736,0.022721197,-28.241093
1737,1737,0.023275904,-29.326809
1738,1738,0.026061403,-28.501053
1739,1739,0.016985472,-29.47816
1740,1740,0.01880373,-28.538624
1741,1741,0.010892794,-27.569283
1742,1742,0.015936026,-29.408556
1743,1743,0.01765308,-30.154057
1744,1744,0.02199532,-29.062216
1745,1745,0.02183761,-27.848347
1746,1746,0.02091748,-28.829948
1747,1747,-0.00032641878,-28.682484
1748,1748,0.021508291,-29.734142
1749,1749,0.022538513,-29.261545
1750,1750,0.02254095,-29.634235
1751,1751,0.017786048,-28.227827
1752,1752,0.0152703505,-28.397297
1753,1753,0.01835602,-28.798891
1754,1754,0.023053467,-30.014519
1755,1755,0.01561564,-29.446732
1756,1756,0.024720058,-29.661942
1757,1757,0.012950458,-29.690145
1758,1758,0.027463771,-28.573997
1759,1759,0.01933989,-29.415396
1760,1760,0.017675772,-28.581944
1761,1761,0.023003938,-27.977837
1762,1762,0.02551339,-29.066774
1763,1763,0.019812297,-28.70524
1764,1764,0.017961534,-28.51432
1765,1765,0.020873347,-28.801817
1766,1766,0.017527485,-28.710068
1767,1767,0.011333513,-29.400337
1768,1768,0.022868384,-29.05815
1769,1769,0.025187597,-29.310507
1770,1770,0.020715268,-29.132254
1771,1771,0.015867552,-29.205193
1772,1772,0.013522195,-29.714859
1773,1773,0.022256713,-29.314598
1774,1774,0.02268196,-28.857111
1775,1775,0.021024423,-28.44519
1776,1776,0.015936948,-27.958357
1777,1777,0.022591665,-28.81783
1778,1778,0.023722578,-28.375319
1779,1779,0.0156130865,-28.724033
1780,1780,0.024258684,-29.537617
1781,1781,0.019358568,-29.26751
1782,1782,0.022290185,-28.368328
1783,1783,0.021135533,-29.018791
1784,1784,0.01794808,-29.119219
1785,1785,0.014310582,-29.115917
1786,1786,0.018168885,-29.872665
1787,1787,0.016534068,-29.224789
1788,1788,0.019952882,-29.72578
1789,1789,0.022305937,-28.845205
1790,1790,0.022823483,-29.52779
1791,1791,0.021622755,-28.529016
1792,1792,0.021305457,-27.292126
1793,1793,0.022489138,-28.4949
1794,1794,0.021021757,-29.11459
1795,1795,0.014614148,-29.033295
1796,1796,0.027301759,-29.410793
1797,1797,0.022858145,-28.5728
1798,1798,0.024584942,-28.535473
1799,1799,0.022238757,-28.433266
1800,1800,0.021681648,-29.290653
1801,1801,0.016266597,-28.13228
1802,1802,0.022615187,-28.518303
1803,1803,0.012314748,-28.651678
1804,1804,0.01927512,-28.666143
1805,1805,0.01195733,-29.832794
1806,1806,0.012967414,-29.093586
1807,1807,0.024256172,-29.3979
1808,1808,0.010851586,-28.933193
1809,1809,0.019917011,-29.035126
1810,1810,0.023223389,-29.065014
1811,1811,0.0041740844,-29.23907
1812,1812,0.020288354,-28.773134
1813,1813,0.023947995,-28.41429
1814,1814,0.02440283,-29.129646
1815,1815,0.019511804,-28.823284
1816,1816,0.015408127,-29.214415
1817,1817,0.016995925,-28.63509
1818,1818,0.025122099,-28.379093
1819,1819,0.01855324,-28.853779
1820,1820,0.018254803,-28.889545
1821,1821,0.021267314,-28.617237
1822,1822,0.020761129,-28.888954
1823,1823,0.022525784,-29.306557
1824,1824,0.012668145,-28.709377
1825,1825,0.017196484,-29.09243
1826,1826,0.017755695,-29.297148
1827,1827,0.023466285,-28.713747
1828,1828,0.015481492,-27.793224
1829,1829,0.011516252,-28.4123
1830,1830,0.006206097,-29.178926
1831,1831,0.0136394445,-28.356596
1832,1832,0.019045308,-29.032673
1833,1833,0.018083375,-28.91198
1834,1834,0.024157826,-28.36334
1835,1835,0.017389426,-28.264793
1836,1836,0.017997473,-28.732897
1837,1837,0.017317265,-28.686771
1838,1838,0.026322037,-29.588093
1839,1839,0.016415924,-28.965765
1840,1840,0.02060327,-29.18153
1841,1841,0.022936087,-28.666862
1842,1842,0.023243584,-28.838284
1843,1843,0.023202725,-29.272877
1844,1844,0.021368656,-28.557457
1845,1845,0.019809667,-29.787766
1846,1846,0.022150483,-29.546682
1847,1847,0.024842026,-28.488602
1848,1848,0.022830877,-28.330103
1849,1849,0.02178473,-28.889956
1850,1850,0.0129903015,-28.957848
1851,1851,0.01878339,-28.94054
1852,1852,0.015351818,-29.027975
1853,1853,0.02316832,-28.70002
1854,1854,0.025884207,-29.290703
1855,1855,0.023756232,-29.725527
1856,1856,0.023122832,-29.339527
1857,1857,0.013098043,-29.191362
1858,1858,0.021462083,-29.092606
1859,1859,0.021848267,-29.189877
1860,1860,0.018015547,-29.19646
1861,1861,0.020380896,-26.227768
1862,1862,0.021783091,-28.908485
1863,1863,0.018806987,-29.464878
1864,1864,0.023745514,-29.07936
1865,1865,0.02056583,-28.933262
1866,1866,0.015295323,-28.70477
1867,1867,0.015002959,-28.112808
1868,1868,0.02124503,-28.59365
1869,1869,0.009629864,-27.993917
1870,1870,0.021887153,-29.140041
1871,1871,0.024478033,-28.809784
1872,1872,0.018397268,-28.524033
1873,1873,0.02390141,-28.908752
1874,1874,0.020738835,-28.889658
1875,1875,0.020348782,-28.552896
1876,1876,0.019235361,-28.320965
1877,1877,0.018752761,-28.74953
1878,1878,0.018846618,-29.077904
1879,1879,0.02373035,-29.065643
1880,1880,0.016553158,-27.791172
1881,1881,0.018958602,-29.60582
1882,1882,0.021422658,-29.280645
1883,1883,0.02160113,-29.05619
1884,1884,0.020190656,-28.709127
1885,1885,0.009866568,-28.606285
1886,1886,0.017287595,-28.423038
1887,1887,0.02001632,-28.555073
1888,1888,0.020971706,-28.217915
1889,1889,0.013063212,-28.930702
1890,1890,0.01999112,-28.223026
1891,1891,0.021262843,-28.774727
1892,1892,0.018151466,-29.878405
1893,1893,0.024378994,-29.338547
1894,1894,0.015741304,-28.477072
1895,1895,0.021210527,-28.995117
1896,1896,0.019171303,-29.019768
1897,1897,0.013493072,-28.695368
1898,1898,0.015067991,-28.578335
1899,1899,0.02191511,-29.12005
1900,1900,0.022262506,-29.323738
1901,1901,0.008675806,-28.999565
1902,1902,0.015149375,-28.656422
1903,1903,0.022854814,-28.824121
1904,1904,0.020221304,-28.724432
1905,1905,0.015017733,-28.77311
1906,1906,0.012186178,-29.1274
1907,1907,0.018543966,-28.760376
1908,1908,0.01841077,-29.45845
1909,1909,0.019175494,-28.467985
1910,1910,0.018821824,-30.210083
1911,1911,0.017785184,-29.112686
1912,1912,0.021421598,-29.685768
1913,1913,0.011445884,-29.078243
1914,1914,0.018542027,-28.779915
1915,1915,0.018429546,-28.801918
1916,1916,0.02081924,-28.519901
1917,1917,0.021221071,-28.966536
1918,1918,0.020788066,-29.028954
1919,1919,0.024969965,-29.499365
1920,1920,0.021246765,-29.401997
1921,1921,0.023175023,-29.128477
1922,1922,0.016974382,-29.259157
1923,1923,0.020765353,-29.465088
1924,1924,0.021202601,-28.571262
1925,1925,0.013674749,-28.349968
1926,1926,0.01994752,-29.442665
1927,1927,0.021887014,-28.616514
1928,1928,0.021444123,-29.023973
1929,1929,0.022102349,-28.704079
1930,1930,0.022623217,-29.094278
1931,1931,0.022042595,-28.405437
1932,1932,0.016851513,-28.491037
1933,1933,0.020293463,-29.439644
1934,1934,0.025556695,-29.326172
1935,1935,0.022748407,-28.98552
1936,1936,0.01795517,-28.850388
1937,1937,0.021016644,-28.781376
1938,1938,0.02058642,-28.33244
1939,1939,0.01880833,-28.652863
1940,1940,0.02182021,-28.710224
1941,1941,0.017458217,-28.27818
1942,1942,0.020715628,-29.251568
1943,1943,0.024224231,-28.73384
1944,1944,0.017933594,-28.626844
1945,1945,0.023706876,-28.688734
1946,1946,0.018943235,-29.413433
1947,1947,0.0189423,-29.138458
1948,1948,0.00866667,-29.967075
1949,1949,0.01824208,-29.303953
1950,1950,0.015712818,-29.187168
1951,1951,0.019026637,-28.876072
1952,1952,0.02095792,-28.452656
1953,1953,0.014805883,-29.33885
1954,1954,0.021473244,-28.86219
1955,1955,0.02296,-28.111794
1956,1956,0.025345806,-29.250652
1957,1957,0.01552846,-28.47599
1958,1958,0.019127857,-27.47471
1959,1959,0.024953539,-29.501047
1960,1960,0.021026038,-29.008677
1961,1961,0.019597497,-29.705181
1962,1962,0.02156889,-28.533207
1963,1963,0.021042563,-29.60018
1964,1964,0.015331661,-28.316898
1965,1965,0.01556839,-28.330702
1966,1966,0.02362641,-28.144688
1967,1967,0.020618366,-29.243498
1968,1968,0.024534484,-29.83948
1969,1969,0.024644013,-28.644659
1970,1970,0.023240719,-28.480263
1971,1971,0.009597028,-28.985859
1972,1972,0.022487454,-28.90931
1973,1973,0.016887104,-29.845234
1974,1974,0.020332497,-28.873165
1975,1975,0.016170299,-28.351875
1976,1976,0.018049825,-28.773836
1977,1977,0.013588008,-28.776224
1978,1978,0.021524228,-28.6652
1979,1979,0.024027193,-28.467022
1980,1980,0.022777583,-28.532473
1981,1981,0.024949675,-29.488152
1982,1982,0.022897795,-28.228815
1983,1983,0.009213539,-29.046154
1984,1984,0.016272277,-28.751833
1985,1985,0.018104639,-28.261723
1986,1986,0.017462306,-29.116295
1987,1987,0.022556351,-29.393024
1988,1988,0.024560243,-29.118336
1989,1989,0.021493448,-28.776344
1990,1990,0.018755171,-29.020329
1991,1991,0.018752176,-29.06708
1992,1992,0.020826112,-27.76502
1993,1993,0.019769525,-29.684818
1994,1994,0.023210626,-29.37384
1995,1995,0.022152087,-28.364386
1996,1996,0.026327707,-29.186588
1997,1997,0.02290966,-28.716822
1998,1998,0.02164658,-28.87965
1999,1999,0.018219039,-28.9437
